# key	doi
needleman1970	10.1016/0022-2836(70)90057-4
smith1981	10.1016/0022-2836(81)90087-5
altschul1990	10.1016/S0022-2836(05)80360-2
altschul1997	10.1093/nar/25.17.3389
pearson1988	10.1073/pnas.85.8.2444
pearson2013	10.1002/0471250953.bi0301s42
henikoff1992	10.1073/pnas.89.22.10915
krogh1994	10.1006/jmbi.1994.1104
eddy2004	10.1038/nbt1004-1315
eddy2008	10.1371/journal.pcbi.1000069
eddy2011	10.1371/journal.pcbi.1002195
park1998	10.1006/jmbi.1998.2221
soding2005	10.1093/bioinformatics/bti125
remmert2012	10.1038/nmeth.1818
steinegger2017	10.1038/nbt.3988
buchfink2021	10.1038/s41592-021-01101-x
kent2002	10.1101/gr.229202
vankempen2024	10.1038/s41587-023-01773-0
edgar2004	10.1093/nar/gkh340
notredame2000	10.1006/jmbi.2000.4042
katoh2013	10.1093/molbev/mst010
sievers2011	10.1038/msb.2011.75
lawrence1993	10.1126/science.8211139
stormo2000	10.1093/bioinformatics/16.1.16
uniprot2023	10.1093/nar/gkac1052
sonnhammer1997	10.1002/(SICI)1097-0134(199707)28:3<405::AID-PROT10>3.0.CO;2-L
mistry2021	10.1093/nar/gkaa913
paysanlafosse2023	10.1093/nar/gkac993
murzin1995	10.1016/S0022-2836(05)80134-2
cheng2014	10.1371/journal.pcbi.1003926
sillitoe2021	10.1093/nar/gkaa1079
berman2000	10.1093/nar/28.1.235
varadi2022	10.1093/nar/gkab1061
cunningham2022	10.1093/nar/gkab1049
ashburner2000	10.1038/75556
go2023	10.1093/genetics/iyad031
szklarczyk2023	10.1093/nar/gkac1000
kimura1968	10.1038/217624a0
fitch1970	10.2307/2412448
fitch2000	10.1016/S0168-9525(00)02005-9
koonin2005	10.1146/annurev.genet.39.073003.114725
koonin2011	10.1371/journal.pcbi.1002173
lynch2000	10.1126/science.290.5494.1151
lynch2003	10.1126/science.1089370
altenhoff2019	10.1007/978-1-4939-9074-0_5
tatusov1997	10.1126/science.278.5338.631
remm2001	10.1006/jmbi.2000.5197
emms2019	10.1186/s13059-019-1832-y
apic2001	10.1006/jmbi.2001.4776
bjorklund2005	10.1016/j.jmb.2005.08.067
levy2008	10.1038/nature06942
yang2000	10.1016/S0169-5347(00)01994-7
doolittle2010	10.1371/journal.pcbi.1000875
treangen2011	10.1371/journal.pgen.1001284
felsenstein1981	10.1007/BF01734359
felsenstein1985	10.1111/j.1558-5646.1985.tb00420.x
fitch1971	10.2307/2412116
saitou1987	10.1093/oxfordjournals.molbev.a040454
huelsenbeck2001	10.1126/science.1065889
steel2000	10.1093/oxfordjournals.molbev.a026364
wong2008	10.1126/science.1151532
redelings2005	10.1080/10635150590947041
thorne1991	10.1007/BF02193625
delsuc2005	10.1038/nrg1603
yang2012	10.1038/nrg3186
kapli2020	10.1038/s41576-020-0233-0
stamatakis2014	10.1093/bioinformatics/btu033
minh2020	10.1093/molbev/msaa015
ronquist2012	10.1093/sysbio/sys029
hug2016	10.1038/nmicrobiol.2016.48
sanger1977	10.1073/pnas.74.12.5463
smith1986	10.1038/321674a0
ronaghi1998	10.1126/science.281.5375.363
margulies2005	10.1038/nature03959
bentley2008	10.1038/nature07517
goodwin2016	10.1038/nrg.2016.49
jain2018	10.1038/nbt.4060
myers2000	10.1126/science.287.5461.2196
pevzner2001	10.1073/pnas.171285098
myers2005	10.1093/bioinformatics/bti1114
zerbino2008	10.1101/gr.074492.107
compeau2011	10.1038/nbt.2023
bradnam2013	10.1186/2047-217X-2-10
cheng2021	10.1038/s41592-020-01056-5
nurk2022	10.1126/science.abj6987
burge1997	10.1006/jmbi.1997.0951
lukashin1998	10.1093/nar/26.4.1107
langmead2009	10.1186/gb-2009-10-3-r25
li2009	10.1093/bioinformatics/btp324
li2018	10.1093/bioinformatics/bty191
li2008	10.1101/gr.078212.108
li2011	10.1093/bioinformatics/btr509
depristo2011	10.1038/ng.806
poplin2018	10.1038/nbt.4235
fleischmann1995	10.1126/science.7542800
lander2001	10.1038/35057062
venter2001	10.1126/science.1058040
encode2012	10.1038/nature11247
koonin2008	10.1093/nar/gkn668
tettelin2005	10.1073/pnas.0506758102
liebermanaiden2009	10.1126/science.1181369
fodor1991	10.1126/science.1990438
schena1995	10.1126/science.270.5235.467
eisen1998	10.1073/pnas.95.25.14863
quackenbush2001	10.1038/35076576
su2004	10.1073/pnas.0400782101
mortazavi2008	10.1038/nmeth.1226
wang2009	10.1038/nrg2484
trapnell2010	10.1038/nbt.1621
oshlack2010	10.1186/gb-2010-11-12-220
robinson2010	10.1093/bioinformatics/btp616
love2014	10.1186/s13059-014-0550-8
dobin2013	10.1093/bioinformatics/bts635
bray2016	10.1038/nbt.3519
patro2017	10.1038/nmeth.4197
conesa2016	10.1186/s13059-016-0881-8
stark2019	10.1038/s41576-019-0150-2
subramanian2005	10.1073/pnas.0506580102
luecken2019	10.15252/msb.20188746
heumos2023	10.1038/s41576-023-00586-w
benjamini1995	10.1111/j.2517-6161.1995.tb02031.x
storey2003	10.1073/pnas.1530509100
efron2002	10.1002/gepi.1124
lever2017	10.1038/nmeth.4346
aebersold2003	10.1038/nature01511
aebersold2016	10.1038/nature19949
eng1994	10.1016/1044-0305(94)80016-2
perkins1999	10.1002/(SICI)1522-2683(19991201)20:18<3551::AID-ELPS3551>3.0.CO;2-2
elias2007	10.1038/nmeth1019
kall2007	10.1038/nmeth1113
cox2008	10.1038/nbt.1511
nesvizhskii2010	10.1016/j.jprot.2010.08.009
gillet2012	10.1074/mcp.O111.016717
ludwig2018	10.15252/msb.20178126
demichev2020	10.1038/s41592-019-0638-x
gessulat2019	10.1038/s41592-019-0426-7
wilhelm2014	10.1038/nature13319
kim2014	10.1038/nature13302
uhlen2015	10.1126/science.1260419
perezriverol2022	10.1093/nar/gkab1038
ideker2001	10.1126/science.292.5518.929
anfinsen1973	10.1126/science.181.4096.223
levinthal1966	10.1038/scientificamerican0666-42
chothia1977	10.1073/pnas.74.10.4130
chou1974a	10.1021/bi00699a001
chou1974b	10.1021/bi00699a002
garnier1978	10.1016/0022-2836(78)90297-8
rost1993	10.1006/jmbi.1993.1413
jones1999	10.1006/jmbi.1999.3091
bowie1991	10.1126/science.1853201
jones1992	10.1038/358086a0
fischer1996	10.1002/pro.5560050516
sali1993	10.1006/jmbi.1993.1626
simons1997	10.1006/jmbi.1997.0959
bradley2005	10.1126/science.1113801
weigt2009	10.1073/pnas.0805923106
marks2011	10.1371/journal.pone.0028766
marks2012	10.1038/nbt.2419
wang2017	10.1371/journal.pcbi.1005324
senior2020	10.1038/s41586-019-1923-7
jumper2021	10.1038/s41586-021-03819-2
baek2021	10.1126/science.abj8754
lin2023	10.1126/science.ade2574
abramson2024	10.1038/s41586-024-07487-w
kryshtafovych2021	10.1002/prot.26237
holm1996	10.1126/science.273.5275.595
zhang2005	10.1093/nar/gki524
reeves2006	10.1016/j.jmb.2006.05.035
scheres2012	10.1016/j.jmb.2011.11.010
brunger1992	10.1038/355472a0
mccammon1977	10.1038/267585a0
vonheijne1992	10.1016/0022-2836(92)90934-C
krogh2001	10.1006/jmbi.2000.4315
elofsson2007	10.1146/annurev.biochem.76.052705.163539
hallgren2022	10.1101/2022.04.08.487609
kuntz1982	10.1016/0022-2836(82)90153-X
meng1992	10.1002/jcc.540130412
bohm1994	10.1007/BF00126743
muegge1999	10.1021/jm980536j
warren2006	10.1021/jm050362n
dahiyat1997	10.1126/science.278.5335.82
jiang2008	10.1126/science.1152692
koga2012	10.1038/nature11600
huang2016	10.1038/nature19946
dauparas2022	10.1126/science.add2187
watson2023	10.1038/s41586-023-06415-8
radivojac2013	10.1038/nmeth.2340
zhou2019	10.1186/s13059-019-1835-8
whisstock2003	10.1017/S0033583503003901
vonheijne1986	10.1093/nar/14.11.4683
nielsen1997	10.1093/protein/10.1.1
petersen2011	10.1038/nmeth.1701
teufel2022	10.1038/s41587-021-01156-3
almagro2017	10.1093/bioinformatics/btx431
thumuluri2022	10.1093/nar/gkac278
frazer2021	10.1038/s41586-021-04043-8
cheng2023	10.1126/science.adg7492
marcotte1999nature	10.1038/47048
marcotte1999science	10.1126/science.285.5428.751
tsoka2000	10.1038/79847
doolittle1999	10.1038/12597
enright2001	10.1186/gb-2001-2-9-research0034
snel2000	10.1016/S0168-9525(99)01924-1
garzon2016	10.7554/eLife.18715
uetz2000	10.1038/35001009
gavin2002	10.1038/415141a
ho2002	10.1038/415180a
vonmering2002	10.1038/nature750
rolland2014	10.1016/j.cell.2014.10.050
luck2020	10.1038/s41586-020-2188-x
huttlin2021	10.1016/j.cell.2021.04.011
ekman2006	10.1186/gb-2006-7-6-r45
burger2008	10.1038/msb4100203
cong2019	10.1126/science.aaw6718
humphreys2021	10.1126/science.abm4805
evans2021	10.1101/2021.10.04.463034
bryant2022	10.1038/s41467-022-28865-w
barabasi1999	10.1126/science.286.5439.509
jeong2000	10.1038/35036627
jeong2001	10.1038/35075138
barabasi2004	10.1038/nrg1272
ideker2002	10.1093/bioinformatics/18.suppl_1.S233
yanai2002	10.1186/gb-2002-3-11-research0064
rhodes2005	10.1038/nbt1103
goh2007	10.1073/pnas.0701361104
lee2008	10.1038/ng.2007.70
guala2020	10.1093/bib/bbz064
orth2010	10.1038/nbt.1614
lecun2015	10.1038/nature14539
sapoval2022	10.1038/s41467-022-29268-7
rabiner1989	10.1109/5.18626
tarca2007	10.1371/journal.pcbi.0030116
krogh2008	10.1038/nbt1386
noble2006	10.1038/nbt1206-1565
lever2016	10.1038/nmeth.3968
ching2018	10.1098/rsif.2017.0387
eraslan2019	10.1038/s41576-019-0122-6
jones2019	10.1038/s41580-019-0176-5
walsh2021	10.1038/s41592-021-01205-4
greener2022	10.1038/s41580-021-00407-0
rives2021	10.1073/pnas.2016239118
avsec2021	10.1038/s41592-021-01252-x
durbin1998	10.1017/CBO9780511790492
reeck1987	10.1016/0092-8674(87)90322-9
doolittle1981	10.1126/science.7280687
rost1999	10.1093/protein/12.2.85
gotoh1982	10.1016/0022-2836(82)90398-9
karlin1990	10.1073/pnas.87.6.2264
altschul1991	10.1016/0022-2836(91)90193-A
eddy2004blosum	10.1038/nbt0804-1035
myers1988	10.1093/bioinformatics/4.1.11
bellman1954	10.1090/S0002-9904-1954-09848-8
ferragina2000	10.1109/SFCS.2000.892127
feng1987	10.1007/BF02603120
higgins1988	10.1016/0378-1119(88)90330-7
thompson1994	10.1093/nar/22.22.4673
wang1994	10.1089/cmb.1994.1.337
gribskov1987	10.1073/pnas.84.13.4355
bairoch1991	10.1093/nar/19.suppl.2241
sigrist2013	10.1093/nar/gks1067
schneider1990	10.1093/nar/18.20.6097
viterbi1967	10.1109/TIT.1967.1054010
eddy1998	10.1093/bioinformatics/14.9.755
steinegger2019	10.1186/s12859-019-3019-7
steinegger2018	10.1038/s41467-018-04964-5
barriohernandez2023	10.1038/s41586-023-06510-w
wetlaufer1973	10.1073/pnas.70.3.697
bileschi2022	10.1038/s41587-021-01179-w
lau2024	10.1126/science.adq4946
paysanlafosse2025	10.1093/nar/gkae997
alley2019	10.1038/s41592-019-0598-1
heinzinger2019	10.1186/s12859-019-3220-8
elnaggar2022	10.1109/TPAMI.2021.3095381
bepler2021	10.1016/j.cels.2021.05.017
hamamsy2024	10.1038/s41587-023-01917-2
hong2024	10.1038/s41587-024-02353-6
kaminski2023	10.1093/bioinformatics/btad579
liu2024	10.1038/s41467-024-46808-5
hayes2025	10.1126/science.ads0018
mirdita2022	10.1038/s41592-022-01488-1
suzek2015	10.1093/bioinformatics/btu739
asgari2015	10.1371/journal.pone.0141287
rao2021	10.1101/2020.12.15.422761
meier2021	10.1101/2021.07.09.450648
johnson2021	10.1109/TBDATA.2019.2921572
heinzinger2024	10.1093/nargab/lqae150
chothia1986	10.1002/j.1460-2075.1986.tb04288.x
doolittle1983	10.1126/science.6304883
rost1997	10.1016/S1359-0278(97)00059-X
wootton1993	10.1016/0097-8485(93)85006-X
chothia1992	10.1038/357543a0
finn2006	10.1093/nar/gkj149
basu2008	10.1101/gr.6943508
fox2014	10.1093/nar/gkt1240
andreeva2020	10.1093/nar/gkz1064
blum2021	10.1093/nar/gkaa977
carrillo1988	10.1137/0148063
lipman1989	10.1073/pnas.86.12.4412
henikoff1994	10.1016/0022-2836(94)90032-9
sjolander1996	10.1093/bioinformatics/12.4.327
thompson1999	10.1093/bioinformatics/15.1.87
katoh2002	10.1093/nar/gkf436
loytynoja2008	10.1126/science.1158395
schaffer2001	10.1093/nar/29.14.2994
buchfink2015	10.1038/nmeth.3176
lipman1985	10.1126/science.2983426
karlin1993	10.1073/pnas.90.12.5873
manber1993	10.1137/0222058
li2010	10.1093/bioinformatics/btp698
pearson1998	10.1006/jmbi.1997.1525
farrar2007	10.1093/bioinformatics/btl582
baum1970	10.1214/aoms/1177697196
soding2005hhpred	10.1093/nar/gki408
mirdita2017	10.1093/nar/gkw1081
churchill1989	10.1007/BF02458837
eddy1994	10.1093/nar/22.11.2079
nawrocki2009	10.1093/bioinformatics/btp157
nawrocki2013	10.1093/bioinformatics/btt509
griffithsjones2003	10.1093/nar/gkg006
kalvari2021	10.1093/nar/gkaa1047
ontiveros2025	10.1093/nar/gkae1023
lowe1997	10.1093/nar/25.5.955
chan2021	10.1093/nar/gkab688
sankoff1985	10.1137/0145048
nussinov1980	10.1073/pnas.77.11.6309
zuker1981	10.1093/nar/9.1.133
hofacker2002	10.1016/S0022-2836(02)00308-X
rivas2017	10.1038/nmeth.4066
will2007	10.1371/journal.pcbi.0030065
wheeler2013	10.1093/bioinformatics/btt403
ondov2016	10.1186/s13059-016-0997-x
zielezinski2017	10.1186/s13059-017-1319-7
wood2014	10.1186/gb-2014-15-3-r46
jain2018ani	10.1038/s41467-018-07641-9
broder1997	10.1109/SEQUEN.1997.666900
brenner1998	10.1073/pnas.95.11.6073
lindahl2000	10.1006/jmbi.1999.3377
pearson1995	10.1002/pro.5560040613
gribskov1996	10.1016/S0097-8485(96)80004-0
